{"hispanic":19.5166495136,"white":57.2757871817,"black":11.9332025344,"indigenous":0.6727739726,"asian":5.8617879559,"hawaiian":0.1858511097,"other":0.5055761173,"multiple":4.0483716149}